add_line1,postcode,po_suffix
155 Mill Mill St,B11BB,IZ
33 Bridge Church St,M25PD,VP
68 King Church St,M25PD,QT
139 Grove Green St,M25PD,YX
183 George Green St,M25PD,JM
96 Victoria Victoria St,M25PD,OQ
160 High Oak St,L39AG,SD
131 Grove Queen St,WC2N5DU,DM
66 Queen Green St,WC2N5DU,BW
134 Grove High St,WC2N5DU,ZR
196 George High St,BS14UL,SM
91 Oak High St,BS14UL,JY
138 Grove Grove St,BS14UL,XX
155 King Bridge St,BS14UL,HP
112 Green Park St,BS14UL,PA
153 Mill Park St,B338TH,WI
133 King High St,B338TH,GC
105 Green George St,B338TH,PR
51 Victoria Bridge St,B66HE,ND
166 King Green St,B66HE,EI
16 Church Station St,B66HE,FZ
192 Park Queen St,B66HE,SJ
120 Oak Station St,B66HE,WJ
62 Green George St,FK94LA,SM
106 Green Bridge St,FK94LA,BK
181 George Oak St,FK94LA,ZM
11 Victoria Victoria St,BT601AA,JZ
158 Bridge Queen St,SO147FY,VU
156 King High St,SO147FY,VW
47 Park High St,SO147FY,IW
87 Bridge Park St,SO147FY,LA
145 Church Church St,SO147FY,VM
66 Station Church St,G403RE,GF
195 Queen Church St,G403RE,YU
198 Church George St,UB70BH,TZ
113 Church George St,UB70BH,BN
92 George High St,AB243FX,ZC
188 Mill Green St,AB243FX,VU
149 Station Bridge St,AB243FX,XY
82 Bridge Victoria St,W1J9HP,VL
99 High Park St,NE14ST,TN
87 High George St,GU11AA,ZJ
194 Queen Victoria St,GU11AA,GF
77 Bridge High St,TR210HE,OV
83 Green King St,NW16XE,YJ
137 Grove Oak St,NW16XE,UL
93 Park Park St,NW16XE,QP
185 Oak Station St,NW16XE,PY
54 Mill High St,L40TH,SE
102 Bridge George St,L40TH,CJ
167 Mill Grove St,LS110ES,TE
155 Park Mill St,LS110ES,WG
46 Oak Mill St,LS110ES,MK
178 Park George St,LS110ES,UP
17 Bridge George St,CT12EH,SD
48 Bridge King St,CT12EH,LK
30 Green Oak St,CT12EH,IV
44 Queen King St,AB101NN,KW
147 Park Park St,AB101NN,IQ
35 Victoria Station St,AB101NN,YZ
118 George Mill St,KA11BB,XC
130 Queen Station St,KA11BB,EU
152 Grove Station St,KA11BB,SB
34 Grove Victoria St,KA11BB,HJ
89 Bridge Oak St,IM11AE,SQ
70 Mill Grove St,IM11AE,FA
57 Mill Queen St,IM11AE,AZ
15 Bridge Park St,IM11AE,ZP
197 King Mill St,IM11AE,SH
167 Bridge Queen St,SW1A2AA,YV
116 Green Church St,SW1A2AA,CZ
6 High Park St,SW1A2AA,KI
88 Station Station St,SW1A2AA,FM
160 Bridge George St,SA13SN,SQ
183 Bridge Park St,G21DY,WU
97 Park Grove St,G21DY,LO
120 Park Green St,G21DY,JV
102 King Queen St,G21DY,SD
170 High King St,G21DY,LR
99 Church Station St,ZE10AX,QS
17 Park Church St,ZE10AX,BJ
187 Park Oak St,ZE10AX,QT
177 Park Grove St,N16XY,PZ
43 Grove Victoria St,N16XY,DE
16 George George St,N16XY,FD
124 Grove Queen St,N16XY,ZS
155 King George St,M113FF,GY
76 George Green St,M113FF,OF
48 Victoria Station St,M113FF,FX
97 King Station St,M113FF,BN
68 Park King St,M113FF,EF
164 Queen Queen St,SW1A1AA,AX
73 George Victoria St,SW1A1AA,CG
121 Oak Queen St,SW1A1AA,PF
154 Green Grove St,SW1A1AA,EZ
17 Grove Station St,SW1A0AA,IH
156 Mill Station St,SW1A0AA,BX
158 Grove Grove St,SW1A0AA,UQ
153 Park George St,SW1A0AA,BY
127 Church Victoria St,SW1A0AA,OA
106 Mill Green St,G128QQ,RN
42 Grove Green St,G128QQ,WX
97 Victoria Grove St,G128QQ,HI
161 Station Grove St,G128QQ,HQ
157 Bridge Bridge St,G128QQ,ZW
6 George Green St,TN12AB,WM
35 Mill George St,TN12AB,IB
113 Oak George St,TN12AB,RJ
126 King George St,TN12AB,GS
81 Oak Mill St,E16AN,RK
196 Mill Grove St,E16AN,UN
156 George Mill St,E16AN,HS
97 King Green St,E16AN,YR
93 George Park St,E16AN,OO
83 Mill Green St,RG12AG,LT
198 Victoria High St,RG12AG,JF
114 Mill Queen St,RG12AG,TE
152 Church Oak St,NP201GD,WG
28 Queen High St,KY169AJ,SX
23 Victoria King St,KY169AJ,PX
22 High Mill St,PL12AA,ET
193 Church Oak St,PL12AA,NY
170 Grove Green St,PL12AA,OX
54 Victoria Church St,PL12AA,SX
165 Mill High St,PL12AA,IY
100 High Victoria St,SY233BY,IE
26 High Church St,IP11AE,ZU
200 Queen Grove St,IP11AE,FA
2 Oak Station St,IP11AE,AF
167 Station George St,IP11AE,SJ
198 Grove George St,IP11AE,PW
72 Oak Oak St,CF103NP,AX
64 Grove George St,CF103NP,HK
57 Grove Queen St,CF103NP,SE
107 Queen High St,CF103NP,BB
197 Oak George St,CF103NP,QB
86 King Victoria St,SL41NJ,NS
166 Mill Victoria St,SL41NJ,ZK
11 King George St,HU12AA,CK
99 Oak Station St,HU12AA,JO
80 Queen George St,HU12AA,VO
152 High High St,CB23QG,BE
190 Mill Mill St,CB23QG,SA
88 Bridge Victoria St,CB23QG,MD
8 Church Green St,JE24WE,HZ
165 Bridge High St,BT71NN,UF
112 Bridge Church St,W1A0AX,BM
170 Bridge High St,W1A0AX,UE
162 Queen High St,W1A0AX,WZ
76 Victoria King St,W1A0AX,NM
41 High George St,EH12AB,RL
105 Station Queen St,EH12AB,DD
75 Mill Queen St,EH12AB,BQ
96 Church Station St,EH12AB,JL
83 Church Grove St,NE18QP,IM
52 Station High St,NE18QP,HY
61 Queen Queen St,NE18QP,PQ
157 High Park St,TR12EH,UN
174 Station Station St,TR12EH,BR
98 High Park St,TR12EH,MD
106 Queen Bridge St,TR12EH,HT
148 Oak Church St,HS12AA,PW
91 Mill King St,HS12AA,TR
177 King Green St,HS12AA,DV
10 High Green St,HS12AA,GE
35 Park Green St,HS12AA,TR
190 Mill Mill St,EH11RE,ZL
151 George Bridge St,EH11RE,QT
154 King Mill St,BT486SB,FV
171 Grove Church St,BT486SB,VJ
90 Queen Park St,BT486SB,DI
95 Oak Victoria St,BT486SB,IZ
108 George Oak St,GY11WG,QG
48 Victoria Park St,GY11WG,BC
193 Grove Mill St,GY11WG,JF
46 Park High St,SE17PB,VS
9 Victoria Queen St,SE17PB,DK
44 George Green St,EC1A1BB,KV
48 Station Church St,EC1A1BB,KO
171 Church High St,EC1A1BB,PN
188 Bridge Bridge St,TW62GA,ZH
187 Station Church St,TW62GA,MY
190 Grove Queen St,LL572DG,TC
66 George Park St,PA209NH,AV
72 Station Church St,LS14AG,XV
21 Station Mill St,LS14AG,XZ
20 Green George St,LS14AG,KF
152 Green Oak St,S12HH,HC
158 Church Grove St,S12HH,PQ
139 Bridge High St,BN11EE,IF
107 Park Mill St,BN11EE,AO
163 Mill Park St,BN11EE,BT
92 Victoria Green St,BS81TH,PO
121 Mill High St,OX12JD,BX
110 Victoria Oak St,L16XX,SF
53 Park Park St,DD14HN,EJ
87 Victoria Park St,MK93EP,AB
200 Bridge High St,MK93EP,AY
100 Station Bridge St,KW14YT,QG
26 Grove Grove St,LD16AA,EG
70 Bridge High St,EH89YL,OE
68 George Grove St,EH89YL,FU
20 Bridge Grove St,EH89YL,EX
14 Station Church St,EH89YL,GQ
116 Queen Green St,E14BH,WZ
4 King Station St,E14BH,UV
186 Victoria Bridge St,E14BH,VK
153 Green Victoria St,E14BH,DE
129 King Oak St,E14BH,QV
101 King Bridge St,YO17HH,LL
149 High Park St,YO17HH,JY
66 Bridge Bridge St,YO17HH,JU
111 High Oak St,YO17HH,MG
155 Victoria Park St,YO17HH,YG
162 Victoria King St,DD11AA,FW
171 Station Oak St,DD11AA,ZU
196 Grove George St,DD11AA,IR
104 Park Bridge St,DD11AA,PG
193 Mill Oak St,DD11AA,IE
48 Grove Queen St,PO301UD,OO
163 Station Station St,PO301UD,SU
146 Mill Church St,PO301UD,WM
53 Green Mill St,PO301UD,BW
120 Mill Queen St,PO301UD,XA
28 Station Bridge St,CF101BH,YM
185 Park Bridge St,CF101BH,YB
54 Green Park St,CF101BH,SQ
17 Bridge King St,CF101BH,QP
121 Green King St,CF101BH,OU
29 Green Queen St,G512XF,TA
134 High King St,G512XF,SY
24 Bridge Queen St,G512XF,DI
1 Station Grove St,G512XF,AS
186 Station Bridge St,NE10AA,FH
182 High Station St,NE10AA,MB
191 Park Queen St,NE10AA,QN
26 Mill Mill St,BT95DL,QR
23 Oak High St,BT95DL,PT
49 Queen Queen St,BT95DL,FJ
11 George Church St,BT95DL,FJ
88 Church Church St,M11AE,MW
72 George Victoria St,M11AE,WP
190 Station King St,M11AE,LL
1 Queen Park St,M11AE,XO
191 Oak Church St,NR21RL,YN
153 Station Grove St,NR21RL,JT
125 Grove Green St,NR21RL,RQ
120 Oak Grove St,PO13AX,NR
7 Oak Park St,PO13AX,IE
22 Victoria Bridge St,E202ST,BO
180 Oak Green St,IV35SS,CI
80 Bridge Church St,IV35SS,SL
45 Bridge Grove St,IV35SS,SD
148 Oak Victoria St,IV35SS,MJ
110 Park Station St,IV35SS,AH
122 Park Mill St,WC1E7HX,EY
84 Church Oak St,WC1E7HX,VP
14 Queen Park St,WC1E7HX,OX
57 Park High St,WC1E7HX,GO
8 Grove Mill St,M160RA,OX
37 King George St,BT11AA,VL
191 King Mill St,BT11AA,IL
55 Mill Station St,BT11AA,TY
192 Mill Mill St,SE11ZZ,ZA
37 Oak High St,SE11ZZ,MI
36 High Grove St,SE11ZZ,ZZ
99 Grove High St,SE11ZZ,OJ
82 George Station St,SE11ZZ,UD
199 Church Green St,G11AA,DB
164 King Victoria St,EX11HS,AR
183 George King St,EX11HS,NW
43 Station Station St,EX11HS,YL
